APPLICATION_NAME,DATASET,ILP32,arithmetic,InstrFootprint64,DataFootprint64,mem_access,memReuseDist0-2,memReuseDist2-4,memReuseDist4-8,memReuseDist8-16,GAg_mispred_cnt_4bits,PAg_mispred_cnt_4bits,GAs_mispred_cnt_4bits,PAs_mispred_cnt_4bits,GAg_mispred_cnt_8bits,PAg_mispred_cnt_8bits,GAs_mispred_cnt_8bits,PAs_mispred_cnt_8bits,GAg_mispred_cnt_12bits,PAg_mispred_cnt_12bits,GAs_mispred_cnt_12bits,PAs_mispred_cnt_12bits,total_brCount,total_transactionCount,total_takenCount,total_num_ops,instr_reg_cnt,total_reg_use_cnt,total_reg_age,reg_age_cnt_1,reg_age_cnt_2,reg_age_cnt_4,reg_age_cnt_8,mem_read_cnt,mem_read_local_stride_0,mem_read_local_stride_8,mem_read_global_stride_0,mem_read_global_stride_8,mem_write_cnt,mem_write_local_stride_0,mem_write_local_stride_8,mem_write_global_stride_0,mem_write_global_stride_8,mem_write_global_stride_64,mem_write_global_stride_512,mem_write_global_stride_4096
automotive_bitcount,dataset1,81759232,336803788,2446,1084,56205320,2121,48231601,2552206,5409095,2221165,2252249,2219927,2220864,2256899,2254084,2253526,2254321,2259189,3298599,2253788,2253942,81482220,6753224,3377668,1065773959,349071353,522502187,560607421,60630367,131867474,262587586,378934963,56205317,13882457,52338347,1932399,26767566,15763110,84,15759394,2,3630,15760056,15761599,15761792
automotive_bitcount,dataset2,152539513,654303403,2444,1084,107039764,2119,73906192,14347490,16255237,4205943,4252205,4204584,4205423,4257157,4254338,4253653,4254450,5093636,6298599,5088233,5088388,159645915,12753222,6377668,2073262414,676396883,1013494747,1087434426,116464812,255525974,509070141,736424188,107039762,26305166,99455377,2906326,51517476,29763110,84,29759394,2,3630,29760056,29761599,29761792
automotive_bitcount,dataset3,237604426,977576743,2444,1084,158039764,2119,109350148,21097579,23902679,6193649,6252040,6192287,6193034,6257161,6254336,6253653,6254448,8093638,9298601,8088233,8088388,239738696,18753222,9377668,3100180218,1009131337,1512865871,1623349439,173008701,381079869,759721820,1100163645,158039762,38732620,146314519,3724199,75687257,43763110,84,43759394,2,3630,43760056,43761599,43761792
automotive_bitcount,dataset4,304994894,1304252703,2444,1084,209039764,2119,144699449,27848464,31547448,8186563,8252030,8185201,8185921,8257161,8254336,8253653,8254448,11093638,12298601,11088233,11088388,321076676,24753222,12377668,4138884058,1345145277,2017217791,2164701359,230008701,507755829,1013073740,1467515565,209039762,51086054,193287592,4394055,100009268,57763110,84,57759394,2,3630,57760056,57761599,57761792
automotive_bitcount,dataset5,398882247,1632734671,2445,1084,260039764,2120,223516871,11443835,25066642,10185283,10252027,10183925,10184643,10257157,10254335,10253652,10254447,14093636,15298600,14088232,14088387,403317660,30753222,15377668,5184811929,1683868229,2525181727,2709665295,287008701,636237797,1270037675,1838479500,260039762,63497127,240477346,5169035,124553755,71763110,84,71759394,2,3630,71760056,71761599,71761792
automotive_qsort1,dataset1,15327129,85898554,16248,1116,27570282,15881,11920302,4022153,3366741,1397992,573101,478707,486797,2797525,793274,481007,562746,7383286,938848,731595,917917,29073954,1459754,1165405,236473503,59453026,132206862,143159936,17864954,26558312,39328200,52968027,27537375,1316887,25319005,326489,6904833,15734507,198208,14809272,2,2177405,6383012,9537660,10429648
automotive_qsort1,dataset2,8678419,48512133,10392,1116,15570921,10025,6709742,2484118,1664412,788060,310097,265002,259564,1589535,433388,266449,302001,4169349,513447,404248,499883,16478513,802191,632416,133729930,33622106,74486110,80651430,10117043,15067461,22215869,29837198,15553517,749335,14307868,185991,3919565,8859368,113061,8350914,2,1241873,3632288,5427073,5932027
automotive_qsort1,dataset3,11918540,66547886,13194,1116,21388682,12827,9174559,3495762,2276617,1071075,431880,364378,360024,2163440,601651,366432,418596,5694443,708523,557580,690577,22602042,1107186,907044,183623055,46177400,102290363,110833594,13842750,20661766,30575223,41145332,21364348,1021141,19623122,253236,5344144,12157661,153631,11456022,2,1728218,4984245,7431361,8119563
automotive_qsort1,dataset4,13370116,74895672,14532,1116,24027622,14165,10370335,3826884,2582602,1218585,505535,418019,430509,2446329,694330,420324,493532,6443957,818256,639883,799957,25355381,1267762,1015140,206221000,51835951,115246179,124791987,15600873,23164513,34286329,46153009,23999291,1150629,22069577,285338,6030507,13717702,173117,12914438,2,1900099,5573083,8331415,9105496
automotive_qsort1,dataset5,9644605,53933602,11233,1116,17311946,10866,7460647,2505543,2142055,873548,350995,296283,298548,1764589,488009,298178,343931,4635038,576398,453961,562034,18297248,899717,715732,148619100,37367771,82881558,89745747,11239734,16728596,24705027,33212810,17292042,830828,15901702,206142,4350007,9859011,125299,9288625,2,1378231,4030051,6021071,6580534
automotive_susan_c,dataset1,5690408,35704170,25303,1236,13898555,23984,8514467,2137884,1001556,69385,69492,61202,71337,75458,69962,62775,67099,82326,70374,68198,64465,1548856,76935,113953,69530249,30935283,43290694,59475697,7733124,13546416,19477217,26081511,13898555,1975618,13223801,436383,2372771,4535893,28,4455893,2,547376,3172376,4526073,4527881
automotive_susan_c,dataset2,6714432,42139233,28961,1236,16374005,27553,9701269,2203726,1252323,58130,60167,46503,61805,66957,64767,50855,58815,76592,66996,57861,57304,1790945,78361,98125,82147397,36646120,51334128,70244385,9049152,15953645,23000359,30814543,16374005,5309474,15627617,1421232,2866160,5301085,28,5209943,2,662952,3763196,5291389,5293011
automotive_susan_c,dataset3,20962308,123287117,70499,1238,51174980,65005,27879306,8209297,6667528,322587,259523,229590,267095,345404,264961,244508,248496,389559,273507,274863,246292,6366719,302108,522822,244375065,108286348,153749351,211408512,32291359,52215196,73252897,93387657,51174980,12411771,47188404,3100819,7543530,16033274,28,15791951,2,1423448,8691871,15978755,15986807
automotive_susan_c,dataset4,1827966,10733511,9150,1243,4454365,8106,2361643,702480,601128,40898,39327,33255,41037,44902,40079,32968,38305,48445,40714,34601,36337,592129,45790,58688,21230573,9317327,13514782,18301350,2854309,4553047,6352282,8102922,4454365,220009,4037427,62324,613391,1434887,28,1408064,2,126006,767984,1427566,1428359
automotive_susan_c,dataset5,14984369,94834690,60357,1238,36720758,58830,22511497,5618133,2482568,117531,113777,91917,107885,132923,122210,103071,104016,149377,124817,114462,108855,3921916,150201,212926,184088466,82230080,114228676,157673209,20057508,35511361,51330621,68981175,36720757,10994642,35395747,2777151,6474197,11958143,28,11765537,2,1487168,8530450,11947805,11949687
automotive_susan_e,dataset1,13743232,72987520,28082,1291,28030322,27472,21211596,2106466,1313504,157971,159655,137852,167574,199720,159551,156172,156432,274448,164106,166743,151219,4368989,188300,208488,157967645,71191355,90795034,121507692,29919144,41100962,46431384,59708176,28030322,4109971,26048755,132672,1887088,1764989,92405,1648997,2,817880,1413877,1675551,1697574
automotive_susan_e,dataset2,16274824,86607621,32724,1292,32906265,32051,26037235,1264426,1603536,200606,197864,178265,195311,246582,207414,196753,193340,348257,215263,210094,196153,5792306,258305,259363,189590120,84645003,106281877,144527852,36326697,49172863,55110123,70534591,32906265,10961620,30730278,341202,2130575,1859027,81928,1714199,2,879832,1530175,1760627,1785297
automotive_susan_e,dataset3,57832507,316478964,72077,1295,114586320,71427,78771231,8447703,10924078,1519813,1614715,1409643,1547369,1892521,1651624,1551650,1562169,3004340,1727717,1709985,1578304,23528332,1997508,2266037,703270117,302100090,394768976,533974759,127144679,169466759,202550281,254034705,114586320,27003113,102668580,955230,11290195,14136726,689817,13796862,2,5201956,11652156,13548213,13689171
automotive_susan_e,dataset4,4255879,22946080,9173,1304,8955264,8699,6232367,845891,555254,86623,87876,75768,96346,109632,87298,81910,86203,138956,87735,86454,81527,1240283,100574,107665,49452283,22692493,30567886,38920836,9192860,12734965,14985921,19005263,8955263,537383,7772719,17929,706272,906120,68575,862035,2,359310,655319,862325,862509
automotive_susan_e,dataset5,34314674,181354353,70073,1295,70116210,69373,56115119,2410411,2769880,226191,235032,198968,235195,298974,241282,238147,225491,422497,252235,263523,226545,10819152,291369,353556,391802265,177677611,222946215,301136537,75517434,103609489,115091347,148410353,70116209,22566862,66228155,721758,4107067,3485964,190019,3164643,2,1784033,2744417,3276891,3338188
automotive_susan_s,dataset1,128865750,767907553,11627,1243,191000695,11250,3572567,167162424,11536642,4326001,4324769,4325206,4326750,4328708,4324694,4324799,4325702,4333282,4325138,4324504,4324933,65657642,8645955,4324200,1861655196,697729030,1179324024,1293081614,306864405,369013095,499765355,627258319,191000002,27331435,182383815,911,304270,5719408,28,5689892,35,4059928,5168581,5171771,5175436
automotive_susan_s,dataset2,153121922,908672058,13201,1230,226007082,12824,3259206,197976011,13926953,5118306,5116993,5117428,5119039,5120846,5117138,5117093,5117993,5125847,5117595,5116769,5117245,77689296,10230286,5116414,2202892961,825618610,1395501519,1530101464,363109699,436646300,591363446,742226320,226006425,67683787,217372032,878,354677,6761402,28,6728685,2,4801536,6111384,6114111,6118420
automotive_susan_s,dataset3,354967005,2102249076,26445,1287,522846463,26068,7612732,447222100,36793139,11838904,11836778,11837265,11838567,11843407,11837723,11837703,11838072,11850068,11839442,11838126,11838392,179717003,23671652,11838591,5096350818,1910041558,3228538878,3539903840,840044605,1010164881,1368093949,1717108955,522844707,146742326,491323328,909,808003,15621858,28,15553736,34,11110362,14125255,14129099,14138286
automotive_susan_s,dataset4,32321243,192495865,5186,1225,47899328,4810,924815,41226184,2683066,1087713,1086589,1086846,1088447,1090293,1086420,1086465,1087425,1094524,1086635,1086282,1086655,16477028,2168578,1085523,466748882,174929832,295646179,324180647,76932353,92524645,125313393,157279291,47898743,3693477,43908528,877,93314,1452785,28,1438512,2,1023104,1309262,1313674,1313858
automotive_susan_s,dataset5,344683363,2041363444,25768,1303,507700200,25391,6869396,444964015,29850532,11492809,11491496,11492039,11493580,11495952,11491611,11491689,11492537,11501981,11492405,11492961,11493279,174500572,22979926,11491313,4948740876,1854736225,3134994309,3437362073,815724076,980907003,1328461323,1667368138,507698693,139674401,489231497,904,769967,15160450,28,15097246,28,10782584,13708715,13712373,13719994
security_blowfish_d,dataset1,193737,760082,2798,1027,349034,2417,89306,8817,75654,5573,4310,4468,5477,27489,4152,4146,4548,32232,4462,4038,4339,156431,4813,3439,1806759,669981,1091530,1184685,166750,286521,478979,627678,349034,4635,263576,852,40214,141029,3974,135468,2,37180,84061,101147,101722
security_blowfish_d,dataset2,1885853,8363844,2804,1031,3994739,2421,1008057,74901,963999,20802,9858,14142,9867,265933,9720,13814,8858,370966,15515,13704,15448,1902973,26902,14478,19589791,7029837,11519573,12386304,1585870,3023937,4955804,6489189,3994738,59723,3469642,852,358899,1880691,59020,1872352,2,502785,1084828,1319287,1319862
security_blowfish_d,dataset3,4401608,19754534,2803,1030,9456127,2419,2380044,173844,2298035,43576,18146,28613,16095,622838,18007,28284,15086,878374,32045,28172,31981,4519356,59960,31007,46229334,16557081,27140697,29166663,3711739,7124823,11662397,15270087,9456127,142243,8272491,852,834983,4486763,141480,4474281,2,1198985,2584006,3144092,3144667
security_blowfish_d,dataset4,136484462,614396656,2804,1030,294563488,2421,74224943,5367079,71732728,1231158,450640,783890,340997,19140234,450502,783561,339984,27362817,894918,783449,894854,141104618,1785708,893881,1436926161,513921086,842633981,905174500,114691319,221205321,361772325,473667600,294563487,4450279,259002028,852,25715895,140534047,4446363,140305322,2,37570558,80847107,98406278,98406853
security_blowfish_d,dataset5,8684600,39101721,2803,1030,18732332,2419,4712982,342253,4561537,82231,32217,53187,26674,1225862,32079,52858,25661,1740109,60120,52746,60056,8963248,116110,59082,91476833,32739277,53673428,57668376,7322552,14090117,23053543,30184464,18732332,282411,16430167,852,1644504,8913161,281546,8893643,2,2382366,5130347,6243517,6244092
security_blowfish_e,dataset1,194570,756017,2798,1027,348981,2416,89574,8651,77131,5574,4309,4465,5476,23537,4151,4144,4547,32138,4461,4135,4338,156398,4813,3439,1798786,665945,1104184,1180779,166730,298348,474966,619791,348981,4635,263524,852,39814,141000,3974,135439,2,36678,84440,101127,101702
security_blowfish_e,dataset2,1896158,8304746,2804,1030,3994687,2421,1008080,74886,963775,20811,9857,14137,9866,261831,9719,13811,8857,370899,15514,15176,15447,1902940,26902,14478,19474505,6970768,11712116,12330121,1585848,3200926,4896823,6372682,3994686,59723,3469687,852,352478,1880663,59020,1872323,2,494885,1090711,1319267,1319842
security_blowfish_e,dataset3,4339855,19612992,2802,1031,9456073,2419,2401688,178509,2289921,43567,18141,28605,16089,618719,18003,28279,15080,878344,32042,31705,31975,4519322,59958,31006,45953277,16415569,27602832,29032150,3711721,7549015,11520842,14990614,9456073,142243,8272580,852,821355,4486733,141480,4474252,2,1181818,2598133,3144072,3144647
security_blowfish_e,dataset4,137262366,609951280,2804,1030,294563435,2421,74224436,5365178,71734595,1231138,450630,783882,340992,19135258,450492,783555,339979,27362797,894913,894575,894849,141104580,1785698,893876,1428257623,509475744,857169488,900951349,114691299,234541066,357327007,464888135,294563434,4450279,259000906,852,25271364,140534018,4446363,140305293,2,37014893,81291616,98406258,98406833
security_blowfish_e,dataset5,8761912,38820151,2804,1030,18732280,2421,4721588,343176,4552954,82225,32214,53180,26661,1221612,32076,52853,25652,1740099,60118,59780,60051,8963214,116108,59081,90927724,32457737,54593482,57400841,7322532,14934456,22772026,29628507,18732279,282411,16430076,852,1616355,8913132,281546,8893614,2,2347176,5158474,6243497,6244072
security_rijndael_d,dataset1,62669,330038,2969,1087,137995,2585,36406,4373,17918,4281,3667,3741,5215,6633,3524,3434,4284,10568,3583,3343,3568,41183,3223,2658,789320,330948,440421,512556,78852,115112,171840,235358,137871,4854,56570,852,21639,28193,3958,23733,2,10745,21974,24598,24728
security_rijndael_d,dataset2,589685,3370253,2971,1087,1492665,2585,268994,11448,179535,4504,3752,3802,5549,13844,3609,3488,4525,45567,3668,3394,3713,200338,3353,2725,7717895,3611385,4372237,5151359,551045,996910,1515392,2154296,1490821,63373,566051,852,118744,249180,58995,237802,2,114176,194689,214508,214638
security_rijndael_d,dataset3,1379479,7925392,2971,1087,3517966,2585,644789,21686,415812,4764,3872,3857,5624,24573,3729,3545,4601,97948,3789,3454,3793,438731,3513,2800,18098866,8526544,10262995,12101550,1258506,2318098,3528372,5029342,3517965,151054,1329508,852,264215,580227,141463,558503,2,269121,453414,498998,499128
security_rijndael_d,dataset4,42604178,245708606,2972,1087,109475713,2586,18815084,708090,14814675,10226,8146,7016,9833,573491,7990,6700,8808,2828882,8032,6606,7996,12883699,11921,7010,559997396,265102191,317769097,374910088,38188824,71285433,108608559,155110574,109336799,4728071,41178168,852,7857167,17861742,4446338,17299938,2,8357715,13959624,15350153,15350283
security_rijndael_d,dataset5,2720789,15661994,2972,1087,6969727,2586,1209653,48345,942405,5111,4077,3955,5756,42706,3923,3643,4733,186843,3965,3553,3925,843631,3785,2932,35730260,16874604,20268073,23906000,2460080,4562044,6947288,9912422,6960931,299974,2625966,852,511224,1142493,281529,1103197,2,532289,892846,982190,982320
security_rijndael_e,dataset1,63119,337977,2816,1121,141594,2431,38710,8274,12313,4358,3718,3764,5272,7574,3570,3468,4334,11656,3634,3395,3611,43805,3259,2698,809891,337065,456192,524084,73354,117849,176971,246326,141533,8808,65183,852,21544,30450,3958,26450,2,11522,23654,26316,26446
security_rijndael_e,dataset2,593438,3470374,2818,1121,1539995,2432,298304,70886,117826,4560,3842,3812,5739,21813,3694,3512,4679,60245,3758,3438,3836,233739,3489,2806,7977540,3689383,4580915,5295405,462715,1030228,1581733,2301985,1539086,122365,688225,852,115488,278813,59009,274779,2,125086,216846,236736,236866
security_rijndael_e,dataset3,1388227,8163713,2818,1121,3635201,2432,731638,111728,258009,4755,4001,3857,5883,43258,3853,3557,4823,133008,3917,3480,3978,518259,3768,2945,18716891,8712263,10760757,12444346,1046098,2397267,3686492,5381994,3633025,292514,1621182,852,256224,650895,141498,646821,2,295261,506280,551975,552105
security_rijndael_e,dataset4,42872447,253158077,2819,1121,113006571,2433,20991305,5060680,8551892,11177,11469,5952,13234,1139630,11308,5652,12174,3929630,11354,5578,11331,15370453,18481,10302,579316305,270909323,333353278,385622496,31498592,73757109,113555902,166159680,112938200,9174406,50339363,852,7602919,20073800,4447424,20067624,2,9178198,15614851,17007593,17007723
security_rijndael_e,dataset5,2737989,16134985,2819,1121,7193759,2433,1348016,323821,545915,5061,4272,3929,6124,79172,4124,3628,5062,256830,4188,3549,4215,1001493,4243,3182,36956855,17243248,21256750,24586273,2036921,4719074,7261261,10613141,7189430,581500,3206574,852,495336,1282844,281598,1278703,2,584284,997857,1087380,1087510
security_sha,dataset1,69886,228247,2505,1103,58010,2187,31283,8095,4752,4547,3997,4115,5483,6065,3868,3793,4580,7955,3931,3674,3887,36929,3860,2933,605271,224257,358149,380728,73839,111551,169405,225170,57389,2642,35511,846,22774,18327,1970,13752,7,8143,15208,16672,16943
security_sha,dataset2,697859,1845110,2532,1103,298311,2214,185143,67620,4376,8922,8309,8439,9850,10444,8180,8112,8943,12330,8243,7990,8229,134312,12485,7245,4957648,2020923,3123979,3173867,475759,944492,1475514,1989827,289085,30167,246570,845,133843,98537,29490,86223,7,75265,91923,93387,95378
security_sha,dataset3,1638526,4266541,2532,1102,658168,2214,416306,160750,4454,15411,14759,14890,16351,16983,14630,14563,15412,18865,14693,14442,14683,280145,25385,13694,11475801,4711635,7265772,7356896,1077682,2191933,3431593,4632647,636067,71394,562644,845,300179,218651,70706,194745,7,175788,206805,208269,212836
security_sha,dataset4,50748411,130693835,2533,1107,19447159,2215,12466004,4799085,6084,352854,351531,351660,353122,355249,351402,351333,352183,359044,351465,351214,351454,7894408,698920,350461,351800574,145198476,223515452,225760536,32505084,67322665,105561338,142618197,18752579,2223855,17065183,846,8984632,6490056,2222642,5860905,7,5424289,6205016,6206480,6345543
security_sha,dataset5,3236311,8380011,2532,1104,1269493,2214,808050,307599,4457,26434,25717,25847,27309,28078,25588,25520,26370,29977,25651,25399,25641,527883,47299,24651,22548694,9282551,14301758,14462932,2100213,4311043,6754514,9122183,1225507,141424,1099565,843,582731,422697,140722,379098,7,346555,401963,403427,412370
telecom_adpcm_c,dataset1,484670,2630940,2452,948,272018,2126,19712,225052,12238,123637,116044,107909,118359,150224,114822,106991,111780,212386,116671,158056,110425,569964,122463,160167,8510050,2538536,4025906,4181983,655130,1052699,1539654,1767662,272018,801,196849,852,15233,51210,176,47775,2,41858,48250,49584,49784
telecom_adpcm_c,dataset2,33359022,186638623,2452,948,16777473,2126,80017,15920475,488522,5280230,6767047,4833932,6539066,7338836,6836507,5080565,6535635,14554123,6946555,9754078,6575377,38856971,8215925,12180539,603918427,181144519,285653588,295407572,44386014,72170208,109235102,128577607,16777473,11723,11208751,852,80765,2864010,11098,2855115,2,2789126,2833745,2835078,2840740
telecom_adpcm_c,dataset3,2179396,12219674,2454,948,1104923,2128,22890,1021178,30245,197679,304482,185697,292710,297722,326714,197525,305589,913610,381362,519631,351298,2502040,521715,738766,39280694,11854677,18656875,19296102,2869842,4673931,7263097,8613997,1104922,1351,727301,852,18533,193144,726,189434,2,180492,188809,190143,190618
telecom_adpcm_c,dataset4,3756659,21101843,2452,948,1904552,2126,25886,1778613,56251,509488,678075,461217,663545,731553,688588,483662,660767,1650810,715669,1042646,676221,4356890,928710,1338959,68039176,20475161,32244664,33347635,4991570,8105013,12407741,14694931,1904552,1881,1255806,852,21713,329419,1256,325444,2,313587,323759,325093,325833
telecom_adpcm_c,dataset5,3793653,21292800,2453,948,1904552,2127,26239,1780780,53562,358774,579225,334976,564854,515567,618219,356769,583773,1592374,721698,934226,638174,4356890,916006,1290828,68504133,20666118,32518885,33621857,4991570,8142456,12649596,14987759,1904552,1881,1260469,852,21713,329419,1256,325444,2,313587,323759,325093,325833
telecom_adpcm_d,dataset1,503814,2591281,2452,946,233410,2102,93073,111089,16192,68162,72161,66326,75187,82386,69816,65932,70134,145425,70807,108366,68309,415459,71044,108905,7720258,2678870,3444167,3831765,557530,1028317,1540103,1808463,233410,801,158242,852,15233,89814,176,86380,2,80462,86854,88187,88388
telecom_adpcm_d,dataset2,35626923,180884970,2452,946,14007982,2102,5312450,7739606,825476,4025202,4777374,4024021,4768117,4879456,4770858,4418179,4748460,10478307,4794831,7053907,4766162,27773468,5392517,8050151,542866110,189533715,241175811,267534324,39423125,72724661,109079158,125494414,14007982,11723,8439260,852,80765,5633501,11098,5624606,2,5558617,5603236,5604569,5610231
telecom_adpcm_d,dataset3,2353683,11710702,2454,946,928506,2104,361237,500335,47278,167929,213385,166662,213946,210035,223760,194333,222225,565739,255416,358570,250984,1796024,337671,454965,35196557,12305925,15710132,17408445,2640992,4797565,7193701,8199278,928505,1351,550885,852,18533,369557,726,365848,2,356905,365222,366555,367031
telecom_adpcm_d,dataset4,4025192,20327765,2453,946,1595835,2103,614632,867181,88562,386044,488797,384946,489240,485257,488709,445883,485165,1119304,498754,740232,492709,3121409,580829,855646,61024698,21318943,27167656,30124044,4503335,8233355,12347121,14152971,1595835,1881,947090,852,21713,638132,1256,634158,2,622300,632472,633805,634546
telecom_adpcm_d,dataset5,4095278,20410808,2454,946,1595836,2104,614712,869404,85850,305887,399745,304859,401142,363476,413386,339580,411255,977886,458354,632608,447330,3121409,590797,795292,61371845,21462340,27371407,30327795,4586378,8354063,12528182,14273678,1595835,1881,951753,852,21713,638132,1256,634158,2,622300,632472,633805,634546
telecom_CRC32,dataset1,951484,5207904,2520,1073,3284257,2201,1101341,3952,776929,4250,3739,3748,5107,5893,3595,3458,4211,316872,3655,3356,3542,1574353,3286,2637,12337106,4264588,6799413,7283469,1434754,2213702,3318383,4267693,3284255,790,3111100,861,323836,1402750,29,1399009,3,312117,782187,1092392,1092529
telecom_CRC32,dataset2,66545991,365871429,2517,1068,232787970,2198,77622062,22843,55402247,6926,6492,6416,7775,11431,6332,6127,6879,22182750,6375,6023,6207,110863104,8620,5303,864826640,299362855,476805006,510067690,99789292,155212613,232822095,299376654,232787969,8791,221773878,861,22197585,99770624,29,99766901,3,22164535,55447895,77602517,77602654
telecom_CRC32,dataset3,4261590,23408142,2519,1073,14865747,2200,4963082,4576,3533466,4396,3959,3883,5242,6372,3801,3593,4346,1420422,3844,3491,3677,7089413,3556,2772,55356464,19156195,30517411,32655580,6398038,9934516,14899874,19159840,14865746,1193,14145530,859,1427658,6366709,29,6362968,3,1414859,3540797,4953339,4953476
telecom_CRC32,dataset4,7439281,40880708,2517,1068,25984220,2198,7435128,5824,6179269,4533,4087,4011,5369,6627,3928,3722,4473,2479715,3971,3619,3803,12383982,3814,2900,96655826,33452398,53287093,57013249,11162884,17346643,26018332,33456581,25984218,1582,24738996,861,2487340,11132205,29,11128482,3,2473515,6189109,8659922,8660059
telecom_CRC32,dataset5,7439363,40880708,2518,1068,25984219,2199,8670054,5222,6180112,4533,4087,4011,5369,6627,3928,3722,4473,2479715,3971,3619,3803,12383982,3814,2900,96655826,33452398,53287093,57013249,11162884,17346643,26018332,33456581,25984218,1580,24738709,859,2487341,11132205,29,11128482,3,2473515,6189109,8659922,8660059
consumer_jpeg_c,dataset1,2554752,9212631,4931,1730,3593568,4521,1899292,405919,499305,165174,131829,125917,136737,194205,132919,128008,129228,251563,137984,133611,130012,1730571,157568,172446,22994448,7399355,14271225,16614279,4305836,5996243,7782922,8968933,3593332,43109,3013952,828,1031375,1643037,2169,1589837,49,745265,1343283,1462764,1509659
consumer_jpeg_c,dataset2,3942443,14024805,6060,1744,5530203,5641,3182507,1010774,213807,201898,159990,146981,157451,243307,164158,154513,152641,317893,174538,164929,156173,2511597,199684,197960,34845172,11333804,21912993,25454498,6688469,9340132,11997194,13698462,5529880,45112,4753261,828,1577209,2568092,1712,2491228,58,1194212,2130792,2324015,2394445
consumer_jpeg_c,dataset3,510291819,1764567694,18239,1892,718025347,17851,475813684,78395148,22580827,9697961,9684238,8457778,9031847,12312939,9796237,8907314,9043795,19969148,10991774,10094125,9683490,267015197,15279482,12397186,4308228276,1458825523,2743793538,3258904011,870248758,1230161652,1544935872,1723001462,718023913,2077840,625817696,833,186634009,341081636,121262,336136802,51,163738071,288853069,300063707,300463656
consumer_jpeg_c,dataset4,21444857,76562434,18405,1886,30837420,17935,20104920,3325526,1193043,1045421,950342,869820,922744,1194846,962308,898512,914390,1702884,1000740,940000,941841,12366304,1198100,1178322,187702564,63187628,119318415,140094637,36474175,51679218,65820718,74358301,30837054,293116,25887286,831,8140929,14607208,14554,14307590,49,6772110,12059660,12515559,13585924
consumer_jpeg_c,dataset5,1057707,3864675,3829,1726,1448222,3408,857660,216214,71489,79918,59833,57744,62893,97590,60984,58986,59973,116640,63324,62017,58924,901226,70397,75212,9982919,2977398,5902390,6860993,1838036,2458763,3251297,3829485,1447932,18097,1228239,828,506186,612547,724,586596,53,272015,494509,549387,557023
consumer_jpeg_d,dataset1,484880,2672516,3039,1599,883308,2542,347440,52294,95775,26728,20012,21085,21027,41303,20418,19994,19117,58676,23615,22406,19107,265342,28200,24199,6300415,2725142,4462321,5211191,698700,1045474,1490471,2114856,883280,34998,689761,6496,125160,425210,110,323838,2,265416,375482,399025,402235
consumer_jpeg_d,dataset2,869682,4598768,3000,1569,1644763,2542,638439,90596,159128,41793,26911,31909,26440,65083,29321,32458,24802,99280,38018,37200,28567,406807,47238,46815,10108091,4370673,7355481,8224546,1191081,1636046,2452204,3547061,1644730,115986,1193836,6617,242814,797701,117,534766,2,409367,688967,746655,750034
consumer_jpeg_d,dataset3,99517628,545992765,4168,1568,208110227,3683,74725420,15755141,20191950,2744076,1412173,2141366,1204986,4010248,1839715,2178088,1263314,7136955,2865469,2527470,2039151,36654989,3820771,3991417,1127511208,505364234,804329414,978739868,149858873,193475356,275389497,399260266,208109865,21014787,165745789,1172544,27150674,101198225,4579,68546724,2,55651601,89719772,94683181,96397219
consumer_jpeg_d,dataset4,3775024,21509899,3212,1625,7349585,2747,2459141,291371,662360,126448,97218,102171,86249,198992,105780,103881,83328,327237,132155,121047,99684,1755424,162457,155723,49535631,22188724,33231680,43072061,5947319,8677418,11772082,16601972,7349503,342044,5823151,13503,769020,3578915,157,2825605,2,2453589,3249823,3428608,3433253
consumer_jpeg_d,dataset5,195575,1042090,2984,1598,350247,2528,131843,13293,31552,14547,10393,11617,12509,22476,10507,10829,10971,29515,11844,11729,10164,122430,13383,11751,2483577,1047069,1778340,1996993,285590,417716,594412,835881,350226,12384,237252,2889,56201,168375,109,127400,2,96431,144437,155060,158223
consumer_tiff2bw,dataset1,505583,3324818,4279,1641,779929,3475,444191,58317,83584,58174,38837,55158,40610,67915,40981,57403,39323,186938,50387,57772,47001,725401,67651,61033,8556264,2434202,4627820,5426736,486135,868633,1741953,2436138,779697,2944,428329,1407,335229,533728,41,292364,4,386859,406264,409370,449684
consumer_tiff2bw,dataset2,713896,4732027,4269,1628,1116369,3425,676028,83699,123248,68469,43316,64945,45540,88268,44098,76025,42868,243035,56575,75047,52475,1011861,92739,79248,12057610,3413251,6552049,7715159,662503,1259241,2484177,3536667,1116124,2988,617981,1290,486120,791149,185,454715,4,600458,622823,626061,679515
consumer_tiff2bw,dataset3,76372474,547113392,4890,1590,134209976,3903,94033088,4526404,3891713,5434717,4103299,5419541,3980931,5600430,4346361,5436907,4037359,18365454,5350663,5441933,4941679,112588667,9466432,5521062,1353234287,379771372,717372414,882367716,64234012,152157528,297027724,437803754,134209972,91144,68470119,36322,63032612,93743319,3431,61331555,4,80810663,81494921,81504583,81513529
consumer_tiff2bw,dataset4,4206913,30698444,4369,1607,6925806,3650,4075910,6370,209522,432138,263946,427193,251388,468348,289712,439937,251252,1572847,362296,449565,324762,6619784,618787,548530,78862191,22175790,40877287,50113523,4096207,7686732,15839795,22278355,6925473,12501,3775267,5222,3064561,4995939,245,2709309,4,3783500,3827832,3833179,3959239
consumer_tiff2bw,dataset5,239268,1467904,4346,1586,344879,3476,173619,37723,58559,24490,15031,21730,17686,32238,14974,24604,15492,84285,18726,24102,17932,328768,22808,26104,3835516,1098594,2078863,2410598,249228,388232,756216,1038892,344634,2197,202161,1158,135035,237077,69,118271,4,152973,168767,171472,192596
consumer_tiff2rgba,dataset1,486141,3188701,6353,1642,787152,5675,451248,58276,83435,57700,38782,55155,40613,66288,41146,57469,39283,185596,50507,57903,46964,693771,67990,61342,8146366,2358414,4389844,5304767,529728,886330,1763048,2399973,787041,2329,315481,1407,334086,544467,36,251318,3,386232,417414,421307,442204
consumer_tiff2rgba,dataset2,683989,4519382,7659,1640,1131658,6941,689656,83974,123149,67533,43124,64828,45270,86323,44186,76051,42583,241666,56750,75423,52730,961852,93270,79629,11410108,3297858,6247753,7530586,735126,1290861,2524044,3486360,1131536,2131,438191,1290,485530,810822,45,390144,3,600187,643207,647037,674014
consumer_tiff2rgba,dataset3,72859295,519768761,530497,1634,139087523,529411,97735450,4535076,3915555,5437838,4107761,5422394,3985318,5583120,4351688,5439764,4041705,18396599,5356177,5444767,4947158,105880483,9477748,5526715,1261361416,364731963,713332449,859260787,75447731,157464009,303593573,432164860,139087519,92556,43412598,36322,65171120,98560648,3431,53017382,3,82924353,86278180,86289267,86295341
consumer_tiff2rgba,dataset4,4052096,29547965,24950,1635,7079342,24354,4194632,6285,208863,432991,264301,428525,252849,463610,290271,440568,251713,1567345,360892,449931,325406,6342894,619543,548654,75087708,21515822,40193254,49076036,4522607,7869507,16059644,22002710,7079339,10485,2754850,5222,3130923,5162171,160,2362048,3,3864227,3995419,3998409,4164434
consumer_tiff2rgba,dataset5,231993,1416673,5049,1666,344469,4311,175053,37863,58008,23906,14964,21648,17497,31589,14967,24818,15598,83448,18549,24076,17948,316711,22996,26271,3692006,1071487,1944549,2363682,264530,394522,764712,1027494,344234,1792,160290,1158,132781,238083,26,101661,3,151867,169993,173136,173695
consumer_tiffdither,dataset1,750237,3889143,4676,1767,977227,3896,411952,68731,156035,93410,80184,70244,89094,177416,81973,82945,76653,323282,88761,87878,77579,876281,107771,94927,12485040,3805552,6462246,7320412,1224848,2030452,2778536,3451354,977224,82847,754210,29343,315570,527211,21990,414565,3,184093,308601,352537,436010
consumer_tiffdither,dataset2,1242159,6495727,4707,1770,1605435,4003,731034,100727,224338,157637,134416,115691,141721,304941,139335,151493,123181,533004,152157,166310,127000,1437974,192086,176909,21209411,6587404,11022743,12384037,2161101,3679366,4888520,6035042,1605432,160049,1249423,63280,533125,800121,19212,677508,3,272292,487670,574570,664753
consumer_tiffdither,dataset3,162853759,863758072,68784,1777,211879875,68102,92751231,15368351,32371301,16722676,12613881,13111983,11566393,34826435,13552248,16894609,11608151,52540098,15610841,18617250,13480285,194648305,24307247,21812963,2860704403,871482423,1404235099,1656026635,279677264,486687823,650698317,806994040,211879872,22096802,168874028,7916636,71116179,105534874,3748861,92220536,3,37289773,62425096,62536955,69457880
consumer_tiffdither,dataset4,6244176,34168550,8406,1771,8197798,7717,3359797,567801,1326810,692568,522166,531307,510744,1336569,555012,678965,475459,2608321,632186,747656,543411,7740995,913666,836250,112757558,33928283,55929957,65499493,10768176,18502005,24869471,30750178,8197097,701538,6481384,283777,2650775,4312419,73486,3465225,3,1611434,2523620,2527060,3413558
consumer_tiffdither,dataset5,279919,1421608,4260,1758,377828,3250,167977,23923,55099,37214,31781,27706,38798,71296,31848,32522,31863,116965,34255,33800,30941,325879,40742,36132,4490765,1382078,2404900,2658880,459491,744829,1015191,1272893,377825,28317,280256,10523,121096,196908,4896,148886,3,69924,122712,142648,165121
consumer_tiffmedian,dataset1,1127906,5576015,5543,1621,2084982,5090,1581808,98083,215145,111840,83335,93046,82042,132184,97024,96070,92955,159300,108544,101988,102598,1292480,132462,175530,13883728,4402897,8122201,9550327,1874398,2561579,3388970,4940370,2084178,1190,1604355,855,940070,671324,25,500219,3,567184,620348,640130,646891
consumer_tiffmedian,dataset2,1733160,8484383,5700,1620,3030985,5256,2026647,169814,427347,182310,136032,153771,128646,214645,163400,159973,150942,274622,181006,174496,167648,1885376,223130,251170,21684421,6888158,12701653,14699656,2883046,4142938,5947025,7939211,3030055,1209,2287140,855,1225411,851606,25,593405,3,707213,787389,817773,827132
consumer_tiffmedian,dataset3,70149023,313128275,6466,1578,133605134,6038,80438343,46380227,1862597,246062,178192,207517,170379,319675,213300,217641,201509,431006,236294,236156,224792,69953098,293937,354931,910832543,316268701,434696068,527556220,91444522,110590979,164290096,227577810,133605130,8957,126166780,855,78458092,21921289,25,16500390,3,18045137,20340939,20863109,21083087
consumer_tiffmedian,dataset4,3990978,18538150,5624,1587,7407775,5196,4794470,1584977,338569,180674,129258,153245,118015,216667,163027,166552,149733,260400,178897,176926,168418,4116783,221498,260161,50802207,17101103,26827245,31668181,5780149,7592881,10966772,15037977,7406604,1493,6209514,855,3798719,1626781,25,1050563,3,1180291,1384325,1431388,1448159
consumer_tiffmedian,dataset5,1342382,6766673,5649,1656,2323433,5196,1671813,77801,248527,181424,138962,155939,129329,216034,166718,164272,152755,258877,179864,175209,169720,1502828,219232,242419,16656498,5165711,10099901,11794399,2379851,3518195,4972289,6629847,2322944,1169,1661641,855,814597,732584,25,486676,3,624610,684031,711109,718798
network_dijkstra,dataset1,30019,138468,2438,1070,50803,2120,23602,4440,5800,5180,3917,4071,6241,7823,3816,3732,5034,10080,3905,3588,4004,36775,3559,2917,358199,116151,199384,221224,53071,63289,90744,117288,50801,1116,29255,919,17075,19030,142,14123,2,4644,13463,16067,16491
network_dijkstra,dataset2,192536,842727,2496,1077,285326,2178,95662,63587,20182,14192,8045,7589,10697,29258,7864,7596,9057,43772,8211,7944,7814,227063,9979,7855,2193509,671166,1235685,1274534,352354,483357,626048,765004,285324,6478,231127,2047,55142,146883,1041,131596,2,18497,83974,119650,123252
network_dijkstra,dataset3,1502978,6013262,2641,1079,1844958,2323,494579,654200,60748,46065,22833,22201,25333,92734,22887,22424,23129,169296,23895,25918,21855,1619151,37457,27436,15789963,4637648,8703471,8809668,2876799,3988413,5097839,6056102,1844957,22201,1510202,5657,203967,885939,3562,830323,2,64535,478614,763771,778080
network_dijkstra,dataset4,6056616,22600602,2811,1081,6650041,2493,1603204,2684086,164476,109079,52565,52673,54831,211723,53226,53323,52220,411223,54846,62396,51044,6096378,95654,66232,59492348,17143234,32440720,32676062,11596077,15859943,20307961,23794585,6650039,47337,5224198,11663,495015,2934498,7609,2796374,2,148412,1553673,2626598,2659795
network_dijkstra,dataset5,15915252,57547549,3025,1082,16575146,2707,3692375,7071650,261930,204443,98145,99655,100096,389596,99065,100622,96944,765251,101173,117749,95841,15526596,184708,124911,151589644,43268593,81472233,82693897,30434919,41358530,53047196,61776922,16575145,82151,12718146,20077,932785,6967903,13373,6704771,2,272065,3647911,6380617,6437434
network_patricia,dataset1,66964,325791,2635,1244,102106,2310,44785,8066,11133,9567,5243,5770,8645,18352,5321,5316,7009,24869,6290,5764,5730,81133,6400,5313,848376,275348,482853,520430,107918,149476,202727,257361,102094,5750,72187,1640,31074,54042,1571,45920,18,10795,35921,44124,48218
network_patricia,dataset2,91426,448082,2736,1244,138490,2404,60835,10079,14066,11970,5974,6491,9340,24796,6231,6102,7691,34888,7487,7006,6675,109783,8104,6820,1162165,378579,669697,715116,143358,203881,274968,348594,138476,8605,103096,2031,40437,78517,2485,68095,36,15593,51399,63693,69932
network_patricia,dataset3,131189,648181,2894,1244,200200,2545,91405,13186,21045,15659,6985,7591,10224,35285,7477,7335,8505,51610,9441,8926,7769,156227,10746,9129,1669132,547289,976873,1033855,200093,290297,391970,497666,200175,13309,156211,2584,56046,120447,4047,106285,78,24249,77935,97550,107125
network_patricia,dataset4,195425,965334,3137,1244,299943,2756,130859,19025,28842,20980,8408,8963,11464,51688,8960,9052,9688,78674,12340,11792,9713,229433,14820,12695,2466256,814199,1464806,1539066,288578,424611,576073,733582,299908,20826,243121,3328,80976,188657,6656,168685,157,38795,121095,153242,167567
network_patricia,dataset5,291921,1448138,3451,1249,452557,3069,193828,31468,45706,28772,10520,11201,13184,76239,11210,11652,11316,119948,16703,16231,12675,340582,21078,18043,3677698,1220704,2207820,2308185,423070,628452,856143,1092871,452506,32297,375973,4439,118984,292947,10603,264101,281,61152,187111,238123,260010
office_stringsearch1,dataset1,66615,270988,2807,1162,90461,2375,46675,6307,9179,8906,6085,6428,8494,13735,6224,5830,7284,18137,6599,5759,6336,67443,6431,5094,713077,242682,424295,453859,104890,133469,201190,252390,90432,1374,64383,1039,35878,48206,590,41865,32,19255,36412,40630,41542
office_stringsearch1,dataset2,653551,2551202,4150,1198,785036,3269,416024,39674,69841,51351,37880,35628,39571,87705,40529,34786,38866,153655,44679,38744,38411,602955,51997,41964,6723660,2336670,4190862,4352763,936238,1282731,1977810,2430689,784366,11011,688623,3769,321017,559353,10234,527496,323,251200,419145,461976,473792
office_stringsearch1,dataset3,1489510,5556570,5783,1202,1756321,5167,963468,81034,164124,89427,72822,63362,71241,170890,80196,61186,70288,327578,90742,69255,73343,1320310,110307,90550,14862754,5191307,9339186,9736258,2207780,2936227,4481821,5505606,1754880,23727,1538352,6038,771790,1206861,21714,1135601,343,571251,911572,1005051,1032627
office_stringsearch1,dataset4,33951583,125861404,94070,1209,40838508,45627,21969261,2065356,4117502,1889722,1805311,1449485,1673581,3598689,1954290,1480393,1683430,7617319,2228203,1705932,1802885,29706446,2769074,2138912,340049334,123436278,214329115,221653318,50089688,68631216,102517949,126278392,40809537,479905,36163841,171393,18524969,27043371,401530,25233973,20945,11890312,20167275,22099506,22595543
office_stringsearch1,dataset5,2750445,10286749,8701,1203,3255040,7171,1808607,151313,269789,165036,132913,117431,129350,306124,144972,119627,128048,605298,166871,134440,135297,2441808,202568,165617,27527657,9677152,17285393,17987398,4054315,5442361,8299491,10171619,3253387,42984,2875533,12197,1431996,2249558,40074,2116026,1355,1047255,1694659,1865030,1912602
bzip2d,dataset1,24554997,131196314,59752,1428,43587191,59315,15835688,4688863,4318359,3142460,2760630,2605589,2614516,4148955,2862256,2642865,2586426,5508524,3012045,2672717,2593812,24741453,3589564,2943370,304674602,104248610,150183421,222694287,32718586,52251638,72812092,92854606,43587182,3911171,37129782,970499,9556523,22510167,2644049,19863098,5,8866097,11612374,13556701,13558372
bzip2d,dataset2,2706487,14436713,10335,1426,4804825,9897,1887133,393230,479119,350453,306595,288953,298077,461460,313885,289865,286042,607084,329932,292242,282851,2730248,390346,321615,33542919,11485727,16566008,24517974,3621310,5756277,8035945,10245317,4804820,426653,4079779,106980,1069583,2473480,288119,2177875,5,982128,1285369,1499519,1499897
bzip2d,dataset3,8074190,36757311,31026,1437,10136743,30594,3909163,1641501,757100,703667,694202,602838,696015,904132,701738,629582,671424,1509416,753448,673964,667705,7893991,994733,690776,93059230,30028535,42836565,60113659,6391304,12404879,18710977,28517743,10136733,520777,7637056,117871,1354735,6151555,275247,5665721,5,2221607,2939809,3261601,3362531
bzip2d,dataset4,3015276,14448329,9989,1654,4433626,9073,2315034,513669,450466,190395,164532,156532,171113,207076,167886,156229,162594,236277,175249,174234,168460,2611286,216832,223849,32635786,10498958,16061083,22993103,4932587,7451789,10113794,12355250,4433025,80724,3063920,1317,1438143,2616140,33239,2183699,294,1272913,1644173,1838928,2158495
bzip2d,dataset5,5380689,26411559,10418,1640,6951505,9548,4632013,473280,485273,146862,121528,128879,124557,157577,129040,125617,124459,185763,138065,136011,140196,4883554,198337,157146,58823161,17803420,25611141,40050922,7393542,12317691,17419051,22076959,6951128,59539,5355889,1395,3826164,5093287,56041,4537585,260,3643259,3960547,4188468,4568914
bzip2e,dataset1,52864518,285305566,106031,1647,109987012,83838,44949544,14119085,20269590,5530602,5821502,4571535,5590495,6298829,5900724,4804048,5461249,8020812,6347074,5510252,5843980,43112188,7831531,6651001,656795158,241530923,351497324,500520053,85908809,145711445,201764490,231371113,109933726,3371277,66202051,35261,19552306,50204756,2118900,36474316,34,13880505,25708863,29749443,33344236
bzip2e,dataset2,6115270,32400832,19920,1641,12440216,16659,5290515,1682449,2077006,579098,595786,463288,598304,657670,601695,481741,562106,836311,643737,569680,595393,4886094,799321,685474,73917850,26842761,39606770,56147032,10373369,16947179,23203091,26814632,12436741,370582,7580356,4721,2297096,5853543,231730,4311893,19,1600880,3005545,3442490,3956706
bzip2e,dataset3,22233515,106295116,56087,1656,39798672,45158,14556022,5696203,6388041,1572451,1543771,1306948,1539273,1701822,1564133,1365044,1477083,2064635,1677925,1546048,1535110,18492866,2046187,1973937,245992514,86116198,132921273,175745728,33884417,58870089,79613964,88800059,39785803,1704619,28684191,6728,6819273,17160851,288877,13636081,6847,4360637,7785272,10854655,11681813
bzip2e,dataset4,3296157,14448329,9989,1654,4433626,9074,2382507,443921,462247,190395,164532,156532,171113,207076,167886,156229,162594,236277,175249,174234,168460,2611286,216832,223849,32635786,10498958,16061083,22993103,4932587,7451789,10113794,12355250,4433025,80724,3063920,1317,1438143,2616140,33239,2183699,294,1272913,1644173,1838928,2158495
bzip2e,dataset5,5504489,26411559,10417,1640,6951505,9548,4813555,284629,482073,146862,121528,128879,124557,157577,129040,125617,124459,185763,138065,136011,140196,4883554,198337,157146,58823161,17803420,25611141,40050922,7393542,12317691,17419051,22076959,6951128,59539,5355889,1395,3826164,5093287,56041,4537585,260,3643259,3960547,4188468,4568914
